timeStamp,elapsed,label,responseCode,responseMessage,threadName,dataType,success,failureMessage,bytes,sentBytes,grpThreads,allThreads,Latency,IdleTime,Connect
1703744482666,-1000,java.net.ConnectException: Connection refused: connect,,java.net.ConnectException: Connection refused: connect,,,false,,0,0,0,0,0,0,0
1703744482675,-1000,java.net.ConnectException: Connection refused: connect,,java.net.ConnectException: Connection refused: connect,,,false,,0,0,0,0,0,0,0
1703744482676,-1000,java.net.ConnectException: Connection refused: connect,,java.net.ConnectException: Connection refused: connect,,,false,,0,0,0,0,0,0,0
1703744483684,-1000,java.net.ConnectException: Connection refused: connect,,java.net.ConnectException: Connection refused: connect,,,false,,0,0,0,0,0,0,0
1703744483684,-1000,java.net.ConnectException: Connection refused: connect,,java.net.ConnectException: Connection refused: connect,,,false,,0,0,0,0,0,0,0
1703744483685,-1000,java.net.ConnectException: Connection refused: connect,,java.net.ConnectException: Connection refused: connect,,,false,,0,0,0,0,0,0,0
1703744484699,-1000,java.net.ConnectException: Connection refused: connect,,java.net.ConnectException: Connection refused: connect,,,false,,0,0,0,0,0,0,0
1703744484700,-1000,java.net.ConnectException: Connection refused: connect,,java.net.ConnectException: Connection refused: connect,,,false,,0,0,0,0,0,0,0
1703744484701,-1000,java.net.ConnectException: Connection refused: connect,,java.net.ConnectException: Connection refused: connect,,,false,,0,0,0,0,0,0,0
1703744485702,-1000,java.net.ConnectException: Connection refused: connect,,java.net.ConnectException: Connection refused: connect,,,false,,0,0,0,0,0,0,0
1703744485703,-1000,java.net.ConnectException: Connection refused: connect,,java.net.ConnectException: Connection refused: connect,,,false,,0,0,0,0,0,0,0
1703744485704,-1000,java.net.ConnectException: Connection refused: connect,,java.net.ConnectException: Connection refused: connect,,,false,,0,0,0,0,0,0,0
1703744486706,-1000,java.net.ConnectException: Connection refused: connect,,java.net.ConnectException: Connection refused: connect,,,false,,0,0,0,0,0,0,0
1703744486707,-1000,java.net.ConnectException: Connection refused: connect,,java.net.ConnectException: Connection refused: connect,,,false,,0,0,0,0,0,0,0
1703744486708,-1000,java.net.ConnectException: Connection refused: connect,,java.net.ConnectException: Connection refused: connect,,,false,,0,0,0,0,0,0,0
1703744487722,-1000,java.net.ConnectException: Connection refused: connect,,java.net.ConnectException: Connection refused: connect,,,false,,0,0,0,0,0,0,0
1703744487723,-1000,java.net.ConnectException: Connection refused: connect,,java.net.ConnectException: Connection refused: connect,,,false,,0,0,0,0,0,0,0
1703744487724,-1000,java.net.ConnectException: Connection refused: connect,,java.net.ConnectException: Connection refused: connect,,,false,,0,0,0,0,0,0,0
1703744488726,-1000,java.net.ConnectException: Connection refused: connect,,java.net.ConnectException: Connection refused: connect,,,false,,0,0,0,0,0,0,0
1703744488728,-1000,java.net.ConnectException: Connection refused: connect,,java.net.ConnectException: Connection refused: connect,,,false,,0,0,0,0,0,0,0
1703744488728,-1000,java.net.ConnectException: Connection refused: connect,,java.net.ConnectException: Connection refused: connect,,,false,,0,0,0,0,0,0,0
1703744489731,-1000,java.net.ConnectException: Connection refused: connect,,java.net.ConnectException: Connection refused: connect,,,false,,0,0,0,0,0,0,0
1703744489732,-1000,java.net.ConnectException: Connection refused: connect,,java.net.ConnectException: Connection refused: connect,,,false,,0,0,0,0,0,0,0
1703744489733,-1000,java.net.ConnectException: Connection refused: connect,,java.net.ConnectException: Connection refused: connect,,,false,,0,0,0,0,0,0,0
1703744490734,-1000,java.net.ConnectException: Connection refused: connect,,java.net.ConnectException: Connection refused: connect,,,false,,0,0,0,0,0,0,0
1703744490735,-1000,java.net.ConnectException: Connection refused: connect,,java.net.ConnectException: Connection refused: connect,,,false,,0,0,0,0,0,0,0
1703744490736,-1000,java.net.ConnectException: Connection refused: connect,,java.net.ConnectException: Connection refused: connect,,,false,,0,0,0,0,0,0,0
